file	programme	seed	budget	objective	search_commit	search_config	records	elapsed_s
programme-house-b100000-s102.jsonl.gz	programme-house	102	100000	64512f1+orth	7820ae1	feb8949eae	1874	33912
programme-house-b100000-s101.jsonl.gz	programme-house	101	100000	64512f1+orth	7820ae1	feb8949eae	1874	34407
programme-house-b100000-s103.jsonl.gz	programme-house	103	100000	64512f1+orth	7820ae1	feb8949eae	1874	34852
programme-house-b100000-s100.jsonl.gz	programme-house	100	100000	64512f1+orth	7820ae1	feb8949eae	1874	35977
programme-house-b100000-s106.jsonl.gz	programme-house	106	100000	64512f1+orth	3838f91	feb8949eae	1874	7701
programme-house-b100000-s105.jsonl.gz	programme-house	105	100000	64512f1+orth	3838f91	feb8949eae	1874	8616
programme-house-b100000-s104.jsonl.gz	programme-house	104	100000	64512f1+orth	3838f91	feb8949eae	1874	8646
programme-house-b100000-s107.jsonl.gz	programme-house	107	100000	64512f1+orth	3838f91	feb8949eae	1874	8946
programme-house-b100000-s110.jsonl.gz	programme-house	110	100000	64512f1+orth	3838f91	feb8949eae	1874	12151
programme-house-b100000-s108.jsonl.gz	programme-house	108	100000	64512f1+orth	3838f91	feb8949eae	1874	13811
programme-house-b100000-s111.jsonl.gz	programme-house	111	100000	64512f1+orth	3838f91	feb8949eae	1874	12581
programme-house-b100000-s109.jsonl.gz	programme-house	109	100000	64512f1+orth	3838f91	feb8949eae	1874	13811
harbor-house-b60000-s100.jsonl.gz	harbor-house	100	60000	64512f1+orth	3838f91	feb8949eae	1124	19506
harbor-house-b60000-s102.jsonl.gz	harbor-house	102	60000	64512f1+orth	3838f91	feb8949eae	1124	20026
harbor-house-b60000-s103.jsonl.gz	harbor-house	103	60000	64512f1+orth	3838f91	feb8949eae	1124	20166
harbor-house-b60000-s101.jsonl.gz	harbor-house	101	60000	64512f1+orth	3838f91	feb8949eae	1124	20236
