arm	programme	seed	klass	level	lid	width	aspect	area	q_width	q_proportion	q_size	q_crinkliness	old_proportion	old_size
baseline	programme-house	0	c	0	lrl	1.971	1.005	3.915	0.100	1.000	1.000	0.897	1.000	0.962
baseline	programme-house	0	c	0	rrr	1.971	1.098	4.329	0.100	1.000	1.000	0.963	1.000	0.953
baseline	programme-house	0	o	1	l	3.268	2.044	22.862	1.000	1.000	1.000	1.000	0.554	0.264
baseline	programme-house	0	c	1	rrr	1.971	1.098	4.329	0.100	1.000	1.000	0.415	1.000	0.953
baseline	programme-house	1	c	0	lll	3.030	1.080	10.142	1.000	1.000	1.000	0.744	1.000	0.769
baseline	programme-house	1	c	0	llr	2.003	1.627	6.681	0.140	1.000	1.000	0.750	0.968	0.892
baseline	programme-house	1	o	1	lll	3.030	1.080	10.142	1.000	1.000	1.000	1.000	1.000	0.769
baseline	programme-house	1	c	1	llr	2.003	1.627	6.681	0.140	1.000	1.000	0.529	0.968	0.892
baseline	programme-house	1	c	1	rrl	1.971	1.233	4.808	0.101	1.000	1.000	0.662	1.000	0.943
baseline	programme-house	2	c	0	lll	2.003	1.633	6.705	0.140	1.000	1.000	0.743	0.965	0.892
baseline	programme-house	2	c	0	llr	1.971	1.664	6.615	0.100	1.000	1.000	0.739	0.947	0.894
baseline	programme-house	2	c	0	lr	3.474	1.181	14.337	1.000	1.000	1.000	0.693	1.000	0.592
baseline	programme-house	2	c	1	lll	2.003	1.633	6.705	0.140	1.000	1.000	0.743	0.965	0.892
baseline	programme-house	2	o	1	r	3.445	1.939	24.097	1.000	1.000	1.000	1.000	0.681	0.227
baseline	programme-house	2	c	2	lll	2.003	1.633	6.705	0.140	1.000	1.000	0.744	0.965	0.892
baseline	programme-house	2	o	2	lr	3.474	1.181	14.337	1.000	1.000	1.000	1.000	1.000	0.592
baseline	health-centre	0	o	0	lllll	2.870	1.428	11.879	0.910	1.000	1.000	1.000	1.000	0.698
baseline	health-centre	0	c	0	llllrl	2.091	1.226	5.367	0.304	1.000	1.000	0.998	1.000	0.929
baseline	health-centre	0	c	0	lllrr	2.052	2.606	11.004	0.220	1.000	1.000	0.923	0.087	0.734
baseline	health-centre	0	c	0	llrll	3.236	1.223	12.939	1.000	1.000	1.000	0.793	1.000	0.652
baseline	health-centre	0	o	0	llrlr	2.391	1.658	9.571	0.127	1.000	1.000	1.000	0.951	0.792
baseline	health-centre	0	c	0	lrlll	2.719	1.763	13.189	1.000	1.000	1.000	0.114	0.871	0.642
baseline	health-centre	0	c	0	lrlr	3.609	1.698	22.187	1.000	1.000	1.000	0.843	0.925	0.285
baseline	health-centre	0	c	0	lrrrl	2.569	1.983	13.125	1.000	1.000	1.000	0.110	0.627	0.644
baseline	health-centre	0	o	0	lrrrrr	2.363	1.150	6.430	0.105	1.000	1.000	1.000	1.000	0.900
baseline	health-centre	0	c	0	rlllr	2.066	2.097	8.969	0.249	1.000	1.000	0.251	0.490	0.814
baseline	health-centre	0	o	0	rlrllr	2.404	1.009	5.837	0.139	1.000	1.000	1.000	1.000	0.917
baseline	health-centre	0	c	0	rlrrr	2.020	1.749	7.199	0.165	1.000	1.000	0.627	0.883	0.876
baseline	health-centre	0	o	0	rrlll	3.209	1.718	17.730	1.000	1.000	1.000	1.000	0.910	0.448
baseline	health-centre	0	c	0	rrllrl	2.799	1.220	9.629	1.000	1.000	1.000	0.774	1.000	0.789
baseline	health-centre	0	c	0	rrrlr	2.042	1.953	8.216	0.201	1.000	1.000	0.000	0.663	0.842
baseline	health-centre	1	c	0	lllll	3.345	1.430	16.192	1.000	1.000	1.000	0.699	1.000	0.512
baseline	health-centre	1	o	0	llllrr	2.360	1.284	7.164	0.103	1.000	1.000	1.000	1.000	0.877
baseline	health-centre	1	o	0	llrll	2.842	1.652	13.497	0.870	1.000	1.000	1.000	0.955	0.628
baseline	health-centre	1	c	0	llrrr	2.083	2.116	9.287	0.286	1.000	1.000	0.205	0.468	0.802
baseline	health-centre	1	c	0	lrllll	3.309	2.031	22.305	1.000	1.000	1.000	0.144	0.569	0.281
baseline	health-centre	1	o	0	lrlllrr	2.391	1.299	7.480	0.127	1.000	1.000	1.000	1.000	0.867
baseline	health-centre	1	c	0	lrrl	3.339	1.821	20.353	1.000	1.000	1.000	0.753	0.814	0.348
baseline	health-centre	1	c	0	rllllr	2.000	2.453	9.917	0.135	1.000	1.000	0.905	0.163	0.778
baseline	health-centre	1	c	0	rllrr	1.974	1.243	4.849	0.104	1.000	1.000	0.894	1.000	0.942
baseline	health-centre	1	o	0	rlrr	2.985	1.132	10.167	0.999	1.000	1.000	1.000	1.000	0.768
baseline	health-centre	1	c	0	rrlrl	2.891	1.257	10.518	1.000	1.000	1.000	0.000	1.000	0.754
baseline	health-centre	2	c	0	lllll	2.980	1.502	13.365	1.000	1.000	1.000	0.660	1.000	0.634
baseline	health-centre	2	o	0	llllr	2.364	1.880	10.533	0.106	1.000	1.000	1.000	0.749	0.753
baseline	health-centre	2	o	0	llrrlr	2.384	1.453	8.274	0.122	1.000	1.000	1.000	1.000	0.840
baseline	health-centre	2	c	0	llrrr	2.100	2.558	11.434	0.324	1.000	1.000	0.892	0.107	0.716
baseline	health-centre	2	c	0	lrllll	2.774	1.540	11.873	1.000	1.000	1.000	0.719	0.997	0.698
baseline	health-centre	2	c	0	lrlllr	2.413	1.145	6.711	1.000	1.000	1.000	0.972	1.000	0.891
baseline	health-centre	2	o	0	lrllrr	2.427	1.273	7.512	0.162	1.000	1.000	1.000	1.000	0.866
baseline	health-centre	2	c	0	lrrlr	2.557	1.444	9.457	1.000	1.000	1.000	0.999	1.000	0.796
baseline	health-centre	2	o	0	lrrr	2.665	1.362	9.692	0.536	1.000	1.000	1.000	1.000	0.787
baseline	health-centre	2	c	0	rllll	4.595	1.046	22.316	1.000	1.000	1.000	0.967	1.000	0.281
baseline	health-centre	2	o	0	rlllrr	2.395	1.006	5.804	0.131	1.000	1.000	1.000	1.000	0.918
baseline	health-centre	2	c	0	rllrl	2.505	1.170	7.343	1.000	1.000	1.000	0.596	1.000	0.871
baseline	health-centre	2	o	0	rlrlr	2.383	1.177	6.723	0.120	1.000	1.000	1.000	1.000	0.891
baseline	health-centre	2	c	0	rrrlr	2.038	1.970	8.255	0.194	1.000	1.000	0.389	0.643	0.840
baseline	health-centre	2	o	0	rrrrr	0.117	44.714	0.619	0.000	0.688	1.000	1.000	0.000	0.999
baseline	harbor-house	0	o	0	llll	2.544	4.868	32.539	0.314	0.998	1.000	1.000	0.000	0.067
baseline	harbor-house	0	c	0	llrl	3.199	1.919	19.975	1.000	1.000	1.000	0.000	0.703	0.361
baseline	harbor-house	0	c	0	llrr	3.253	1.844	19.830	1.000	1.000	1.000	0.000	0.789	0.367
baseline	harbor-house	0	c	0	lrrr	3.006	1.751	16.059	1.000	1.000	1.000	0.000	0.882	0.518
baseline	harbor-house	0	o	0	rlllr	5.404	1.089	32.321	1.000	1.000	1.000	0.007	1.000	0.070
baseline	harbor-house	0	c	0	rllr	2.675	2.099	15.248	1.000	1.000	1.000	0.000	0.488	0.553
baseline	harbor-house	0	o	0	rlrlrlr	4.093	1.170	19.868	1.000	1.000	1.000	1.000	1.000	0.365
baseline	harbor-house	0	c	0	rlrlrrlr	2.093	2.563	11.401	0.308	1.000	1.000	0.941	0.104	0.718
baseline	harbor-house	0	c	0	rlrlrrrlr	2.446	1.124	6.777	1.000	1.000	1.000	0.999	1.000	0.889
baseline	harbor-house	0	o	0	rlrlrrrr	2.799	2.050	16.337	0.799	1.000	1.000	1.000	0.546	0.506
baseline	harbor-house	0	c	0	rrlr	1.978	2.205	8.734	0.108	1.000	1.000	0.239	0.370	0.823
baseline	harbor-house	0	c	0	rrrll	2.244	2.470	12.632	0.737	1.000	1.000	0.000	0.152	0.666
baseline	harbor-house	0	c	0	rrrlrl	2.207	1.284	6.300	0.627	1.000	1.000	0.965	1.000	0.904
baseline	harbor-house	0	o	1	lllr	6.434	1.899	81.213	1.000	1.000	1.000	1.000	0.728	0.000
baseline	harbor-house	0	c	1	lrlll	5.220	1.628	45.332	1.000	1.000	1.000	0.259	0.968	0.005
baseline	harbor-house	0	o	1	lrllrl	5.184	1.103	30.087	1.000	1.000	1.000	1.000	1.000	0.099
baseline	harbor-house	0	c	1	rllr	2.675	2.099	15.248	1.000	1.000	1.000	0.000	0.488	0.553
baseline	harbor-house	0	c	1	rlrrl	2.855	2.433	20.217	1.000	1.000	1.000	0.917	0.175	0.353
baseline	harbor-house	0	o	1	rlrrr	2.910	2.185	18.826	0.956	1.000	1.000	1.000	0.391	0.405
baseline	harbor-house	0	c	1	rrrll	2.244	2.470	12.632	0.737	1.000	1.000	0.978	0.152	0.666
baseline	harbor-house	0	c	1	rrrr	2.487	1.765	11.050	1.000	1.000	1.000	0.965	0.869	0.732
baseline	harbor-house	1	c	0	llll	3.632	2.212	29.829	1.000	1.000	1.000	1.000	0.363	0.103
baseline	harbor-house	1	o	0	lllrl	5.494	1.130	34.769	1.000	1.000	1.000	1.000	1.000	0.046
baseline	harbor-house	1	c	0	llrr	2.993	1.244	11.266	1.000	1.000	1.000	0.145	1.000	0.723
baseline	harbor-house	1	o	0	lrlr	2.417	4.167	24.971	0.152	0.999	1.000	1.000	0.000	0.204
baseline	harbor-house	1	c	0	lrrlr	2.137	1.364	6.266	0.422	1.000	1.000	0.933	1.000	0.905
baseline	harbor-house	1	c	0	rllrllr	3.644	1.795	24.305	1.000	1.000	1.000	0.000	0.840	0.222
baseline	harbor-house	1	c	0	rlrl	3.595	1.933	25.449	1.000	1.000	1.000	0.000	0.688	0.192
baseline	harbor-house	1	o	0	rlrrr	3.477	1.781	21.897	1.000	1.000	1.000	1.000	0.854	0.294
baseline	harbor-house	1	o	0	rrlr	4.199	1.276	22.858	1.000	1.000	1.000	0.300	1.000	0.264
baseline	harbor-house	1	c	0	rrrl	4.121	1.105	19.014	1.000	1.000	1.000	0.958	1.000	0.398
baseline	harbor-house	1	o	1	llll	3.632	2.212	29.829	1.000	1.000	1.000	1.000	0.363	0.103
baseline	harbor-house	1	o	1	llrl	2.937	2.147	18.872	0.978	1.000	1.000	1.000	0.433	0.403
baseline	harbor-house	1	c	1	lrll	7.734	1.283	78.765	1.000	1.000	1.000	0.743	1.000	0.000
baseline	harbor-house	1	c	1	rlll	3.815	4.092	62.432	1.000	1.000	1.000	0.040	0.000	0.000
baseline	harbor-house	1	o	1	rlrll	3.621	1.196	15.853	1.000	1.000	1.000	1.000	1.000	0.527
baseline	harbor-house	2	o	0	llllrr	3.604	1.642	21.701	1.000	1.000	1.000	1.000	0.960	0.301
baseline	harbor-house	2	c	0	lllr	3.531	1.057	13.307	1.000	1.000	1.000	0.514	1.000	0.637
baseline	harbor-house	2	c	0	llrll	2.436	1.519	9.101	1.000	1.000	1.000	0.000	0.999	0.810
baseline	harbor-house	2	c	0	llrr	3.787	1.475	21.514	1.000	1.000	1.000	0.000	1.000	0.307
baseline	harbor-house	2	c	0	lrrllrr	1.200	3.021	4.396	0.000	1.000	1.000	0.572	0.010	0.952
baseline	harbor-house	2	c	0	rllr	2.020	2.483	10.282	0.164	1.000	1.000	0.063	0.145	0.764
baseline	harbor-house	2	c	0	rlrlr	2.782	2.497	19.730	1.000	1.000	1.000	0.000	0.137	0.370
baseline	harbor-house	2	c	0	rrrl	2.721	2.107	15.842	1.000	1.000	1.000	0.933	0.478	0.527
baseline	harbor-house	2	o	0	rrrr	2.681	1.911	13.927	0.568	1.000	1.000	1.000	0.714	0.610
baseline	harbor-house	2	o	1	llrlr	3.732	1.288	18.205	1.000	1.000	1.000	1.000	1.000	0.429
baseline	harbor-house	2	c	1	lrll	5.182	4.595	132.927	1.000	1.000	1.000	0.976	0.000	0.000
baseline	harbor-house	2	o	1	lrlr	4.335	1.286	24.515	1.000	1.000	1.000	1.000	1.000	0.216
baseline	harbor-house	2	c	1	lrrll	3.639	1.852	24.992	1.000	1.000	1.000	0.834	0.781	0.203
baseline	harbor-house	2	o	1	lrrlr	6.841	3.112	155.449	1.000	0.999	1.000	1.000	0.006	0.000
baseline	harbor-house	2	c	1	rlrl	6.992	1.022	50.954	1.000	1.000	1.000	0.603	1.000	0.001
baseline	harbor-house	2	c	1	rrrl	2.721	2.107	15.842	1.000	1.000	1.000	0.960	0.478	0.527
baseline	maple-court	0	c	0	lllrr	3.933	1.508	23.494	1.000	1.000	1.000	0.994	1.000	0.245
baseline	maple-court	0	o	0	llrllr	2.584	2.142	14.343	0.382	1.000	1.000	1.000	0.439	0.592
baseline	maple-court	0	c	0	llrlr	2.238	2.457	12.386	0.719	1.000	1.000	0.117	0.160	0.676
baseline	maple-court	0	o	0	lrlll	7.297	1.200	64.606	1.000	1.000	1.000	1.000	1.000	0.000
baseline	maple-court	0	c	0	lrlr	3.094	2.393	22.988	1.000	1.000	1.000	0.000	0.203	0.260
baseline	maple-court	0	c	0	lrrll	2.931	2.049	17.739	1.000	1.000	1.000	0.000	0.547	0.448
baseline	maple-court	0	o	0	lrrrll	4.553	1.123	23.424	1.000	1.000	1.000	0.173	1.000	0.247
baseline	maple-court	0	o	0	rlll	7.763	1.022	62.212	1.000	1.000	1.000	0.000	1.000	0.000
baseline	maple-court	0	c	0	rllrr	3.228	1.091	11.390	1.000	1.000	1.000	0.000	1.000	0.718
baseline	maple-court	0	o	0	rrllr	3.558	2.152	27.518	1.000	1.000	1.000	1.000	0.427	0.145
baseline	maple-court	0	c	0	rrlrll	3.382	1.348	15.463	1.000	1.000	1.000	0.103	1.000	0.543
baseline	maple-court	0	o	0	rrrl	3.831	1.784	26.299	1.000	1.000	1.000	1.000	0.851	0.171
baseline	maple-court	0	c	1	lll	7.904	1.503	95.322	1.000	1.000	1.000	0.115	1.000	0.000
baseline	maple-court	0	o	1	llrl	5.494	1.412	42.828	1.000	1.000	1.000	0.000	1.000	0.009
baseline	maple-court	0	o	1	lrll	7.297	1.545	83.435	1.000	1.000	1.000	0.000	0.996	0.000
baseline	maple-court	0	c	1	rlr	5.434	2.054	61.546	1.000	1.000	1.000	0.000	0.541	0.000
baseline	maple-court	0	c	1	rrlrll	3.382	1.348	15.463	1.000	1.000	1.000	0.103	1.000	0.543
baseline	maple-court	0	c	2	llll	7.926	1.240	78.864	1.000	1.000	1.000	0.000	1.000	0.000
baseline	maple-court	0	o	2	lrlr	3.094	2.393	22.988	1.000	1.000	1.000	1.000	0.203	0.260
baseline	maple-court	0	c	2	lrrlrr	2.361	2.553	14.341	0.982	1.000	1.000	0.993	0.109	0.592
baseline	maple-court	0	o	2	rllrlr	2.794	1.153	9.039	0.791	1.000	1.000	1.000	1.000	0.812
baseline	maple-court	0	o	2	rlrl	5.434	1.229	36.602	1.000	1.000	1.000	1.000	1.000	0.033
baseline	maple-court	0	c	2	rlrr	4.531	1.212	24.944	1.000	1.000	1.000	0.979	1.000	0.204
baseline	maple-court	0	c	2	rrlrll	3.382	1.348	15.463	1.000	1.000	1.000	0.103	1.000	0.543
baseline	maple-court	1	o	0	llrlll	3.544	1.556	19.676	1.000	1.000	1.000	0.000	0.994	0.372
baseline	maple-court	1	c	0	llrrr	1.971	1.549	6.027	0.100	1.000	1.000	0.882	0.995	0.912
baseline	maple-court	1	o	0	lrlrl	2.584	2.204	14.763	0.383	1.000	1.000	1.000	0.371	0.574
baseline	maple-court	1	c	0	lrr	5.261	1.725	48.321	1.000	1.000	1.000	0.000	0.903	0.003
baseline	maple-court	1	c	0	rlllll	5.730	1.777	58.701	1.000	1.000	1.000	0.000	0.858	0.000
baseline	maple-court	1	o	0	rllllrr	4.673	1.029	22.528	1.000	1.000	1.000	1.000	1.000	0.274
baseline	maple-court	1	o	0	rllr	3.120	3.338	32.920	1.000	0.999	1.000	0.000	0.001	0.063
baseline	maple-court	1	c	0	rlrrl	3.788	1.263	18.176	1.000	1.000	1.000	0.587	1.000	0.431
baseline	maple-court	1	o	0	rrlrllr	5.503	1.047	31.817	1.000	1.000	1.000	1.000	1.000	0.076
baseline	maple-court	1	c	0	rrlrr	1.971	6.021	23.565	0.100	1.000	1.000	0.348	0.000	0.243
baseline	maple-court	1	c	1	llr	9.496	1.286	116.744	1.000	1.000	1.000	0.000	1.000	0.000
baseline	maple-court	1	o	1	lrlr	2.582	2.621	17.545	0.379	1.000	1.000	0.850	0.081	0.456
baseline	maple-court	1	o	1	rlrl	3.771	1.924	27.481	1.000	1.000	1.000	0.857	0.698	0.146
baseline	maple-court	1	c	1	rlrr	3.788	2.508	36.193	1.000	1.000	1.000	0.119	0.131	0.035
baseline	maple-court	1	c	1	rrr	4.668	2.544	56.305	1.000	1.000	1.000	0.156	0.113	0.000
baseline	maple-court	1	c	2	llrl	9.496	1.087	98.559	1.000	1.000	1.000	0.000	1.000	0.000
baseline	maple-court	1	c	2	lrlr	2.582	2.621	17.545	1.000	1.000	1.000	0.850	0.081	0.456
baseline	maple-court	1	o	2	lrrrl	1.456	3.633	7.729	0.000	0.999	1.000	1.000	0.000	0.859
baseline	maple-court	1	c	2	rlrrl	3.788	1.839	26.500	1.000	1.000	1.000	0.993	0.794	0.167
baseline	maple-court	1	o	2	rrll	4.401	2.685	52.391	1.000	1.000	1.000	1.000	0.060	0.001
baseline	maple-court	1	o	2	rrrl	4.668	1.389	30.537	1.000	1.000	1.000	1.000	1.000	0.093
baseline	maple-court	1	o	2	rrrrr	2.902	1.623	13.707	0.948	1.000	1.000	1.000	0.970	0.619
baseline	maple-court	2	o	0	lllr	3.774	1.785	25.502	1.000	1.000	1.000	0.000	0.851	0.190
baseline	maple-court	2	c	0	llrlrl	2.390	2.567	14.710	0.999	1.000	1.000	0.000	0.103	0.576
baseline	maple-court	2	c	0	lrlrl	3.277	1.117	12.009	1.000	1.000	1.000	0.575	1.000	0.692
baseline	maple-court	2	o	0	lrlrr	3.180	1.155	11.704	1.000	1.000	1.000	0.567	1.000	0.705
baseline	maple-court	2	c	0	rlllll	3.920	1.904	29.386	1.000	1.000	1.000	0.435	0.722	0.110
baseline	maple-court	2	o	0	rllllr	3.920	1.914	29.538	1.000	1.000	1.000	1.000	0.710	0.108
baseline	maple-court	2	c	0	rlllrl	3.787	1.997	28.768	1.000	1.000	1.000	0.000	0.610	0.121
baseline	maple-court	2	c	0	rrlllr	1.221	3.953	5.930	0.000	1.000	1.000	0.101	0.000	0.914
baseline	maple-court	2	o	0	rrrl	4.251	1.370	24.836	1.000	1.000	1.000	0.274	1.000	0.207
baseline	maple-court	2	c	0	rrrr	2.518	2.322	14.778	1.000	1.000	1.000	0.000	0.259	0.573
baseline	maple-court	2	c	1	llll	6.634	1.672	74.632	1.000	1.000	1.000	0.000	0.943	0.000
baseline	maple-court	2	c	1	lrlrl	3.277	1.117	12.009	1.000	1.000	1.000	0.575	1.000	0.692
baseline	maple-court	2	c	1	lrlrr	3.180	1.155	11.704	1.000	1.000	1.000	0.567	1.000	0.705
baseline	maple-court	2	o	1	lrrrr	4.927	1.584	38.843	1.000	1.000	1.000	1.000	0.986	0.021
baseline	maple-court	2	o	1	rlll	7.460	1.868	105.923	1.000	1.000	1.000	0.000	0.762	0.000
baseline	maple-court	2	o	1	rlrlr	4.496	1.170	23.822	1.000	1.000	1.000	1.000	1.000	0.235
baseline	maple-court	2	o	1	rlrrl	4.300	1.220	22.726	1.000	1.000	1.000	1.000	1.000	0.268
baseline	maple-court	2	c	1	rlrrr	2.137	2.451	11.271	0.421	1.000	1.000	0.430	0.164	0.723
baseline	maple-court	2	c	1	rrrr	2.518	2.322	14.778	1.000	1.000	1.000	0.874	0.259	0.573
baseline	maple-court	2	c	2	llll	6.634	1.672	74.632	1.000	1.000	1.000	0.242	0.943	0.000
baseline	maple-court	2	o	2	llrl	7.792	1.017	62.353	1.000	1.000	1.000	1.000	1.000	0.000
baseline	maple-court	2	c	2	lrlrl	3.277	1.117	12.009	1.000	1.000	1.000	0.575	1.000	0.692
baseline	maple-court	2	c	2	rlllrr	2.349	1.188	6.564	0.968	1.000	1.000	0.000	1.000	0.896
baseline	maple-court	2	o	2	rllrr	6.727	1.077	48.926	1.000	1.000	1.000	1.000	1.000	0.002
baseline	maple-court	2	c	2	rrlll	3.132	1.522	14.977	1.000	1.000	1.000	0.843	0.999	0.564
baseline	maple-court	2	c	2	rrlrr	2.306	1.651	8.797	0.895	1.000	1.000	0.985	0.955	0.821
baseline	maple-court	2	c	2	rrrr	2.518	2.322	14.778	1.000	1.000	1.000	0.798	0.259	0.573
bk9	programme-house	0	c	0	lll	2.021	1.378	5.737	0.166	1.000	1.000	0.967	1.000	0.919
bk9	programme-house	0	o	0	lr	3.448	1.140	13.937	1.000	1.000	1.000	0.375	1.000	0.609
bk9	programme-house	0	c	1	lll	2.021	1.378	5.737	0.166	1.000	1.000	0.486	1.000	0.919
bk9	programme-house	0	o	1	llr	1.524	1.822	4.317	0.000	1.000	1.000	1.000	0.812	0.954
bk9	programme-house	0	c	2	lll	2.021	1.378	5.737	0.166	1.000	1.000	0.222	1.000	0.919
bk9	programme-house	0	o	2	lr	3.448	1.140	13.937	1.000	1.000	1.000	1.000	1.000	0.609
bk9	programme-house	0	o	2	r	3.970	1.681	27.763	1.000	1.000	1.000	1.000	0.936	0.140
bk9	programme-house	1	c	0	llr	1.971	1.005	3.914	0.100	1.000	1.000	0.894	1.000	0.962
bk9	programme-house	1	c	0	rlr	2.050	1.630	7.007	0.217	1.000	1.000	0.747	0.967	0.882
bk9	programme-house	1	c	1	ll	1.972	1.958	7.809	0.101	1.000	1.000	0.559	0.657	0.856
bk9	programme-house	1	o	1	rll	3.357	1.073	12.151	1.000	1.000	1.000	1.000	1.000	0.686
bk9	programme-house	1	c	1	rlr	2.050	1.630	7.007	0.217	1.000	1.000	0.541	0.967	0.882
bk9	programme-house	2	c	0	ll	2.654	1.197	8.464	1.000	1.000	1.000	0.992	1.000	0.833
bk9	programme-house	2	o	0	lrr	2.673	1.007	7.221	0.553	1.000	1.000	0.571	1.000	0.875
bk9	programme-house	2	c	1	ll	2.654	1.197	8.464	1.000	1.000	1.000	0.992	1.000	0.833
bk9	programme-house	2	o	1	rrr	2.356	1.742	9.946	0.100	1.000	1.000	1.000	0.890	0.777
bk9	health-centre	0	o	0	lllll	2.863	1.670	13.723	0.901	1.000	1.000	1.000	0.944	0.619
bk9	health-centre	0	c	0	lllrrr	2.035	1.219	5.052	0.189	1.000	1.000	0.917	1.000	0.937
bk9	health-centre	0	o	0	llrllr	2.927	1.406	12.168	0.971	1.000	1.000	1.000	1.000	0.685
bk9	health-centre	0	c	0	llrlr	2.003	3.678	15.028	0.139	1.000	1.000	0.587	0.000	0.562
bk9	health-centre	0	c	0	llrrr	1.993	1.287	5.149	0.126	1.000	1.000	0.997	1.000	0.935
bk9	health-centre	0	c	0	lrllr	2.143	2.084	9.676	0.437	1.000	1.000	0.172	0.505	0.788
bk9	health-centre	0	o	0	lrrll	3.374	1.499	17.105	1.000	1.000	1.000	1.000	1.000	0.474
bk9	health-centre	0	c	0	rllll	5.094	1.177	30.623	1.000	1.000	1.000	0.739	1.000	0.091
bk9	health-centre	0	o	0	rlrllr	3.757	1.053	14.883	1.000	1.000	1.000	1.000	1.000	0.568
bk9	health-centre	0	c	0	rlrrr	2.033	1.007	4.161	0.185	1.000	1.000	0.918	1.000	0.957
bk9	health-centre	0	o	0	rrlrl	2.438	1.383	8.234	0.173	1.000	1.000	1.000	1.000	0.841
bk9	health-centre	0	c	0	rrlrr	2.031	1.196	4.962	0.182	1.000	1.000	0.915	1.000	0.939
bk9	health-centre	0	c	0	rrrl	4.601	1.065	22.803	1.000	1.000	1.000	0.995	1.000	0.265
bk9	health-centre	1	c	0	lllll	2.664	2.264	16.122	1.000	1.000	1.000	0.993	0.311	0.515
bk9	health-centre	1	o	0	llllrr	3.000	1.154	10.402	1.000	1.000	1.000	1.000	1.000	0.759
bk9	health-centre	1	o	0	llrll	2.697	1.948	14.355	0.600	1.000	1.000	1.000	0.670	0.591
bk9	health-centre	1	o	0	llrr	4.715	1.131	25.215	1.000	1.000	1.000	1.000	1.000	0.198
bk9	health-centre	1	o	0	lrllllr	2.473	1.458	8.994	0.214	1.000	1.000	1.000	1.000	0.814
bk9	health-centre	1	c	0	lrllrr	2.142	1.184	5.463	0.436	1.000	1.000	1.000	1.000	0.927
bk9	health-centre	1	c	0	lrlrr	1.985	1.972	7.783	0.116	1.000	1.000	0.972	0.640	0.857
bk9	health-centre	1	c	0	lrrrl	2.438	1.802	10.730	1.000	1.000	1.000	0.999	0.833	0.745
bk9	health-centre	1	o	0	lrrrr	2.398	1.821	10.491	0.133	1.000	1.000	1.000	0.814	0.755
bk9	health-centre	1	c	0	rllllr	2.087	2.417	10.644	0.293	1.000	1.000	0.935	0.186	0.749
bk9	health-centre	1	o	0	rllr	2.929	2.879	25.215	0.972	1.000	1.000	1.000	0.022	0.198
bk9	health-centre	1	o	0	rlrr	2.372	4.041	22.833	0.111	0.999	1.000	1.000	0.000	0.264
bk9	health-centre	1	c	0	rrlll	3.143	1.114	11.082	1.000	1.000	1.000	0.663	1.000	0.731
bk9	health-centre	1	c	0	rrlrl	1.607	2.307	5.964	0.000	1.000	1.000	0.721	0.272	0.913
bk9	health-centre	2	c	0	llll	4.902	1.042	25.354	1.000	1.000	1.000	0.000	1.000	0.194
bk9	health-centre	2	c	0	llrrr	2.007	2.242	9.136	0.145	1.000	1.000	0.176	0.333	0.808
bk9	health-centre	2	c	0	lrlll	2.633	2.375	16.717	1.000	1.000	1.000	0.845	0.217	0.490
bk9	health-centre	2	o	0	lrllr	2.616	2.394	16.626	0.440	1.000	1.000	1.000	0.202	0.494
bk9	health-centre	2	o	0	lrrr	5.134	1.102	29.116	1.000	1.000	1.000	1.000	1.000	0.115
bk9	health-centre	2	c	0	rlll	5.226	1.033	28.285	1.000	1.000	1.000	0.968	1.000	0.130
bk9	health-centre	2	o	0	rllrl	3.793	1.093	15.882	1.000	1.000	1.000	1.000	1.000	0.525
bk9	health-centre	2	o	0	rlrlr	1.769	2.060	6.504	0.000	1.000	1.000	1.000	0.534	0.898
bk9	health-centre	2	c	0	rlrrrr	0.204	17.124	0.719	0.000	1.000	1.000	0.649	0.000	0.999
bk9	health-centre	2	c	0	rrlrlr	2.347	1.165	6.451	0.965	1.000	1.000	0.991	1.000	0.899
bk9	health-centre	2	c	0	rrrlr	1.982	2.062	8.172	0.112	1.000	1.000	0.355	0.532	0.843
bk9	health-centre	2	o	0	rrrrr	1.197	4.052	5.820	0.000	0.999	1.000	1.000	0.000	0.917
bk9	harbor-house	0	o	0	llllr	2.379	3.404	19.755	0.118	0.999	1.000	1.000	0.001	0.370
bk9	harbor-house	0	c	0	llr	2.912	4.104	36.049	1.000	1.000	1.000	0.000	0.000	0.036
bk9	harbor-house	0	o	0	lrlllr	4.524	1.227	25.468	1.000	1.000	1.000	0.000	1.000	0.191
bk9	harbor-house	0	c	0	lrllr	3.580	2.544	33.420	1.000	1.000	1.000	0.000	0.113	0.058
bk9	harbor-house	0	c	0	lrr	3.166	3.449	35.588	1.000	1.000	1.000	0.187	0.001	0.040
bk9	harbor-house	0	o	0	rlllrr	4.610	1.081	23.309	1.000	1.000	1.000	1.000	1.000	0.250
bk9	harbor-house	0	c	0	rlrll	2.251	5.994	31.651	0.758	1.000	1.000	0.250	0.000	0.078
bk9	harbor-house	0	c	0	rrlr	2.266	1.962	10.197	0.798	1.000	1.000	0.209	0.652	0.767
bk9	harbor-house	0	o	0	rrrlr	3.723	1.217	17.081	1.000	1.000	1.000	1.000	1.000	0.475
bk9	harbor-house	0	o	0	rrrr	2.636	1.735	12.201	0.479	1.000	1.000	1.000	0.895	0.684
bk9	harbor-house	0	o	1	lllrr	4.041	1.862	31.008	1.000	1.000	1.000	1.000	0.770	0.086
bk9	harbor-house	0	o	1	llrllr	0.075	39.164	0.219	0.000	0.753	1.000	1.000	0.000	1.000
bk9	harbor-house	0	c	1	lrll	9.049	1.010	84.681	1.000	1.000	1.000	0.000	1.000	0.000
bk9	harbor-house	0	c	1	rlrl	13.589	1.009	194.238	1.000	1.000	1.000	0.000	1.000	0.000
bk9	harbor-house	0	c	1	rlrrl	3.326	2.264	25.565	1.000	1.000	1.000	0.517	0.311	0.189
bk9	harbor-house	1	c	0	lllr	7.790	1.251	77.948	1.000	1.000	1.000	0.000	1.000	0.000
bk9	harbor-house	1	o	0	llrl	4.438	1.820	36.605	1.000	1.000	1.000	1.000	0.815	0.033
bk9	harbor-house	1	c	0	lrll	3.661	1.884	25.736	1.000	1.000	1.000	0.565	0.744	0.185
bk9	harbor-house	1	o	0	lrlrr	2.429	2.790	16.788	0.164	1.000	1.000	1.000	0.036	0.487
bk9	harbor-house	1	c	0	lrrl	4.336	1.354	25.831	1.000	1.000	1.000	0.248	1.000	0.182
bk9	harbor-house	1	o	0	rlrll	3.623	2.212	29.720	1.000	1.000	1.000	0.560	0.363	0.105
bk9	harbor-house	1	c	0	rlrrlrr	3.229	1.725	18.277	1.000	1.000	1.000	0.000	0.904	0.427
bk9	harbor-house	1	c	0	rlrrrrr	2.240	2.361	12.016	0.725	1.000	1.000	0.000	0.227	0.692
bk9	harbor-house	1	c	0	rrllr	1.990	1.382	5.510	0.122	1.000	1.000	0.975	1.000	0.925
bk9	harbor-house	1	c	1	llll	4.355	1.825	35.439	1.000	1.000	1.000	0.830	0.809	0.041
bk9	harbor-house	1	c	1	lllr	7.790	1.251	77.948	1.000	1.000	1.000	0.000	1.000	0.000
bk9	harbor-house	1	o	1	llrrrr	1.386	3.134	6.100	0.000	0.999	1.000	1.000	0.005	0.909
bk9	harbor-house	1	o	1	lrlrl	3.469	1.970	24.158	1.000	1.000	1.000	1.000	0.643	0.226
bk9	harbor-house	1	c	1	lrrl	4.336	1.354	25.831	1.000	1.000	1.000	0.248	1.000	0.182
bk9	harbor-house	1	o	1	lrrrrr	2.632	1.317	9.207	0.472	1.000	1.000	1.000	1.000	0.806
bk9	harbor-house	1	c	1	rllll	3.201	1.783	18.542	1.000	1.000	1.000	0.925	0.852	0.416
bk9	harbor-house	1	o	1	rllr	5.888	1.231	43.618	1.000	1.000	1.000	1.000	1.000	0.008
bk9	harbor-house	1	c	1	rlrlllr	2.279	1.613	8.466	0.832	1.000	1.000	0.543	0.975	0.833
bk9	harbor-house	1	o	1	rlrlr	3.561	1.699	21.918	1.000	1.000	1.000	1.000	0.923	0.294
bk9	harbor-house	1	c	1	rlrr	13.141	1.087	195.431	1.000	1.000	1.000	0.000	1.000	0.000
bk9	harbor-house	2	c	0	lllr	4.097	1.126	19.156	1.000	1.000	1.000	0.960	1.000	0.392
bk9	harbor-house	2	c	0	llrll	2.611	1.839	12.696	1.000	1.000	1.000	0.113	0.795	0.663
bk9	harbor-house	2	o	0	llrlr	2.591	1.839	12.509	0.396	1.000	1.000	0.120	0.795	0.671
bk9	harbor-house	2	c	0	lrrllr	2.229	3.258	16.532	0.693	1.000	1.000	0.000	0.002	0.498
bk9	harbor-house	2	c	0	lrrlrrlr	4.116	1.292	22.239	1.000	1.000	1.000	0.000	1.000	0.283
bk9	harbor-house	2	c	0	lrrrlrl	2.487	1.487	9.297	1.000	1.000	1.000	0.531	1.000	0.802
bk9	harbor-house	2	c	0	rllr	4.512	1.070	22.041	1.000	1.000	1.000	0.190	1.000	0.290
bk9	harbor-house	2	o	0	rlrr	0.896	11.808	9.732	0.000	0.979	1.000	1.000	0.000	0.785
bk9	harbor-house	2	c	0	rrll	6.642	1.091	49.180	1.000	1.000	1.000	0.000	1.000	0.002
bk9	harbor-house	2	c	1	lrl	6.688	2.782	131.643	1.000	1.000	1.000	0.000	0.037	0.000
bk9	harbor-house	2	c	1	lrrl	11.337	1.290	173.352	1.000	1.000	1.000	0.000	1.000	0.000
bk9	harbor-house	2	c	1	rllll	3.251	1.362	14.555	1.000	1.000	1.000	0.217	1.000	0.583
bk9	harbor-house	2	o	1	rllrr	2.417	1.875	11.057	0.151	1.000	1.000	1.000	0.755	0.732
bk9	harbor-house	2	c	1	rlrl	9.577	1.088	102.512	1.000	1.000	1.000	0.986	1.000	0.000
bk9	harbor-house	2	o	1	rrlll	3.046	2.367	22.452	1.000	1.000	1.000	1.000	0.222	0.276
bk9	harbor-house	2	o	1	rrllrl	3.595	1.243	16.283	1.000	1.000	1.000	1.000	1.000	0.508
bk9	harbor-house	2	c	1	rrrr	1.991	1.197	4.773	0.123	1.000	1.000	0.000	1.000	0.944
bk9	maple-court	0	o	0	llllr	2.375	2.652	15.078	0.114	1.000	1.000	0.000	0.070	0.560
bk9	maple-court	0	o	0	llrlr	5.279	1.123	31.385	1.000	1.000	1.000	1.000	1.000	0.081
bk9	maple-court	0	c	0	llrrl	4.936	1.397	34.325	1.000	1.000	1.000	0.000	1.000	0.050
bk9	maple-court	0	o	0	lrlll	3.915	1.578	24.382	1.000	1.000	1.000	1.000	0.988	0.219
bk9	maple-court	0	c	0	lrlrl	5.273	1.243	34.694	1.000	1.000	1.000	0.214	1.000	0.046
bk9	maple-court	0	c	0	lrrlr	4.347	1.652	31.514	1.000	1.000	1.000	0.000	0.955	0.079
bk9	maple-court	0	c	0	rlll	6.455	1.027	43.172	1.000	1.000	1.000	0.000	1.000	0.009
bk9	maple-court	0	c	0	rlrl	6.142	1.211	46.123	1.000	1.000	1.000	0.000	1.000	0.004
bk9	maple-court	0	c	0	rrlrl	2.447	3.162	19.024	1.000	1.000	1.000	0.000	0.004	0.397
bk9	maple-court	0	o	0	rrlrr	2.459	1.887	11.441	0.197	1.000	1.000	0.000	0.741	0.716
bk9	maple-court	0	o	0	rrrl	3.075	1.926	18.276	1.000	1.000	1.000	0.867	0.696	0.427
bk9	maple-court	0	c	1	lll	7.860	1.535	96.265	1.000	1.000	1.000	0.000	0.998	0.000
bk9	maple-court	0	o	1	llrl	5.270	1.641	45.781	1.000	1.000	1.000	0.000	0.961	0.005
bk9	maple-court	0	c	1	lrlrl	5.273	1.243	34.694	1.000	1.000	1.000	0.971	1.000	0.046
bk9	maple-court	0	c	1	rlllrl	2.432	1.341	7.943	1.000	1.000	1.000	0.731	1.000	0.851
bk9	maple-court	0	o	1	rlllrr	2.437	1.328	7.898	0.172	1.000	1.000	1.000	1.000	0.853
bk9	maple-court	0	o	1	rrllr	2.866	4.326	35.803	0.905	0.998	1.000	1.000	0.000	0.038
bk9	maple-court	0	c	1	rrlrl	2.447	3.162	19.024	1.000	1.000	1.000	0.999	0.004	0.397
bk9	maple-court	0	c	2	llll	7.860	1.264	79.058	1.000	1.000	1.000	0.910	1.000	0.000
bk9	maple-court	0	o	2	lllr	2.154	3.693	17.208	0.019	0.999	1.000	1.000	0.000	0.470
bk9	maple-court	0	c	2	llrrl	4.936	1.397	34.325	1.000	1.000	1.000	0.513	1.000	0.050
bk9	maple-court	0	o	2	llrrr	3.764	1.837	26.237	1.000	1.000	1.000	1.000	0.796	0.173
bk9	maple-court	0	c	2	lrlrlr	2.026	3.228	13.304	0.174	1.000	1.000	0.000	0.003	0.637
bk9	maple-court	0	c	2	rlllrl	2.432	1.341	7.943	1.000	1.000	1.000	0.731	1.000	0.851
bk9	maple-court	0	o	2	rlrl	6.142	1.262	48.094	1.000	1.000	1.000	1.000	1.000	0.003
bk9	maple-court	0	c	2	rlrr	2.249	2.757	14.000	0.753	1.000	1.000	0.755	0.042	0.607
bk9	maple-court	0	o	2	rrlll	7.659	1.630	96.350	1.000	1.000	1.000	1.000	0.967	0.000
bk9	maple-court	0	c	2	rrlrl	2.447	3.162	19.024	1.000	1.000	1.000	0.999	0.004	0.397
bk9	maple-court	1	c	0	lllll	3.866	1.457	21.923	1.000	1.000	1.000	0.947	1.000	0.293
bk9	maple-court	1	o	0	lllr	7.543	1.198	68.939	1.000	1.000	1.000	1.000	1.000	0.000
bk9	maple-court	1	c	0	llrlrl	2.635	1.590	11.093	1.000	1.000	1.000	0.000	0.984	0.731
bk9	maple-court	1	c	0	llrrl	4.202	1.655	29.456	1.000	1.000	1.000	0.293	0.953	0.109
bk9	maple-court	1	o	0	lrll	6.028	1.466	53.895	1.000	1.000	1.000	1.000	1.000	0.001
bk9	maple-court	1	c	0	lrrlrl	2.478	1.668	10.300	1.000	1.000	1.000	0.995	0.945	0.763
bk9	maple-court	1	o	0	lrrr	3.711	2.341	32.406	1.000	1.000	1.000	0.934	0.243	0.069
bk9	maple-court	1	c	0	rlr	6.785	2.077	96.441	1.000	1.000	1.000	0.000	0.514	0.000
bk9	maple-court	1	c	0	rrllrl	2.537	1.352	8.722	1.000	1.000	1.000	0.999	1.000	0.824
bk9	maple-court	1	c	0	rrrlr	1.983	2.260	8.935	0.113	1.000	1.000	0.189	0.315	0.816
bk9	maple-court	1	c	1	lllll	3.866	1.457	21.923	1.000	1.000	1.000	0.947	1.000	0.293
bk9	maple-court	1	c	1	llrlr	2.635	2.946	20.650	1.000	1.000	1.000	0.000	0.015	0.337
bk9	maple-court	1	o	1	lrlr	2.672	2.247	16.107	0.551	1.000	1.000	0.442	0.327	0.516
bk9	maple-court	1	o	1	lrrlr	2.478	3.165	19.638	0.221	0.999	1.000	1.000	0.004	0.374
bk9	maple-court	1	c	1	rlr	6.785	2.077	96.441	1.000	1.000	1.000	0.000	0.514	0.000
bk9	maple-court	1	c	1	rrrrl	4.690	1.049	23.150	1.000	1.000	1.000	0.999	1.000	0.255
bk9	maple-court	1	o	1	rrrrr	2.683	1.749	12.673	0.573	1.000	1.000	1.000	0.883	0.664
bk9	maple-court	1	c	2	lllll	3.866	1.457	21.923	1.000	1.000	1.000	0.947	1.000	0.293
bk9	maple-court	1	c	2	llrr	6.976	1.066	52.073	1.000	1.000	1.000	0.539	1.000	0.001
bk9	maple-court	1	c	2	lrlr	2.672	2.247	16.107	1.000	1.000	1.000	0.442	0.327	0.516
bk9	maple-court	1	c	2	rllrlr	2.042	1.126	4.700	0.201	1.000	1.000	0.983	1.000	0.945
bk9	maple-court	1	o	2	rlrll	6.785	1.411	65.318	1.000	1.000	1.000	1.000	1.000	0.000
bk9	maple-court	1	c	2	rlrr	2.093	3.253	14.376	0.308	1.000	1.000	0.789	0.002	0.590
bk9	maple-court	1	c	2	rrrrl	4.690	1.049	23.150	1.000	1.000	1.000	0.839	1.000	0.255
bk9	maple-court	2	c	0	lllll	6.901	1.061	50.994	1.000	1.000	1.000	0.000	1.000	0.001
bk9	maple-court	2	c	0	llrrlrr	1.985	1.490	5.875	0.116	1.000	1.000	0.918	1.000	0.916
bk9	maple-court	2	c	0	llrrr	2.879	2.035	16.989	1.000	1.000	1.000	0.000	0.564	0.479
bk9	maple-court	2	c	0	lrlr	4.220	1.985	35.741	1.000	1.000	1.000	0.113	0.624	0.038
bk9	maple-court	2	c	0	lrrllr	3.460	1.372	16.514	1.000	1.000	1.000	0.903	1.000	0.499
bk9	maple-court	2	o	0	lrrr	2.474	4.560	28.091	0.215	0.998	1.000	1.000	0.000	0.134
bk9	maple-court	2	o	0	rllrr	5.624	1.202	38.346	1.000	1.000	1.000	0.000	1.000	0.023
bk9	maple-court	2	c	0	rlrll	3.118	1.872	18.333	1.000	1.000	1.000	0.000	0.758	0.424
bk9	maple-court	2	o	0	rlrlrrlr	2.480	1.007	6.210	0.223	1.000	1.000	1.000	1.000	0.906
bk9	maple-court	2	o	0	rrrl	3.390	2.301	26.577	1.000	1.000	1.000	0.712	0.277	0.165
bk9	maple-court	2	c	0	rrrr	3.379	1.593	18.251	1.000	1.000	1.000	0.720	0.983	0.428
bk9	maple-court	2	c	1	lll	6.901	1.933	93.663	1.000	1.000	1.000	0.000	0.687	0.000
bk9	maple-court	2	c	1	lrlr	4.220	1.985	35.741	1.000	1.000	1.000	0.134	0.624	0.038
bk9	maple-court	2	o	1	lrrllr	3.460	1.372	16.514	1.000	1.000	1.000	0.903	1.000	0.499
bk9	maple-court	2	c	1	lrrlr	5.633	1.980	63.237	1.000	1.000	1.000	0.519	0.631	0.000
bk9	maple-court	2	o	1	rllrl	5.436	1.029	30.509	1.000	1.000	1.000	1.000	1.000	0.093
bk9	maple-court	2	c	1	rllrrl	3.474	1.620	19.610	1.000	1.000	1.000	0.669	0.972	0.375
bk9	maple-court	2	c	1	rllrrr	3.305	1.710	18.735	1.000	1.000	1.000	0.000	0.915	0.408
bk9	maple-court	2	c	1	rlrll	3.118	1.872	18.333	1.000	1.000	1.000	0.110	0.758	0.424
bk9	maple-court	2	o	1	rlrrr	2.357	2.467	13.816	0.101	1.000	1.000	1.000	0.154	0.615
bk9	maple-court	2	c	1	rrrr	3.379	1.593	18.251	1.000	1.000	1.000	0.720	0.983	0.428
bk9	maple-court	2	c	2	llll	6.901	1.578	76.175	1.000	1.000	1.000	0.000	0.988	0.000
bk9	maple-court	2	c	2	lrlr	4.220	1.985	35.741	1.000	1.000	1.000	0.551	0.624	0.038
bk9	maple-court	2	o	2	rlllr	5.448	1.454	43.371	1.000	1.000	1.000	1.000	1.000	0.008
bk9	maple-court	2	c	2	rllrrl	3.474	1.620	19.610	1.000	1.000	1.000	0.639	0.972	0.375
bk9	maple-court	2	o	2	rllrrr	3.305	1.710	18.735	1.000	1.000	1.000	1.000	0.915	0.408
bk9	maple-court	2	c	2	rrlr	4.672	1.366	29.921	1.000	1.000	1.000	0.893	1.000	0.102
bk9	maple-court	2	c	2	rrrr	3.379	1.593	18.251	1.000	1.000	1.000	0.720	0.983	0.428
