iiofix	1	on	5	8
iiofix	1	off	8	6
iiofix	2	on	7	8
iiofix	2	off	8	6
iiofix	3	on	9	8
iiofix	3	off	8	6
iiofix	4	on	9	7
iiofix	4	off	11	5
iiofix	5	on	9	8
iiofix	5	off	8	7
iiofix	6	on	8	7
iiofix	6	off	11	5
iiofix	7	on	9	8
iiofix	7	off	11	6
iiofix	8	on	8	8
iiofix	8	off	7	7
iiofix	9	on	6	7
iiofix	9	off	9	6
iiofix	10	on	4	8
iiofix	10	off	7	7
iiofix	11	on	5	7
iiofix	11	off	5	6
iiofix	12	on	7	8
iiofix	12	off	6	7
iiofix	13	on	6	7
iiofix	13	off	9	6
iiofix	14	on	8	8
iiofix	14	off	7	6
iiofix	15	on	6	8
iiofix	15	off	8	6
iiofix	16	on	8	7
iiofix	16	off	8	6
iiofix	17	on	6	7
iiofix	17	off	8	6
iiofix	18	on	7	7
iiofix	18	off	8	6
iiofix	19	on	8	7
iiofix	19	off	7	6
iiofix	20	on	7	7
iiofix	20	off	7	6
