preiio	1	on	5	8
preiio	1	off	8	6
preiio	2	on	7	7
preiio	2	off	8	6
preiio	3	on	9	7
preiio	3	off	8	7
preiio	4	on	9	8
preiio	4	off	11	6
preiio	5	on	9	8
preiio	5	off	8	7
preiio	6	on	8	8
preiio	6	off	11	6
preiio	7	on	9	7
preiio	7	off	11	6
preiio	8	on	8	7
preiio	8	off	7	6
preiio	9	on	6	8
preiio	9	off	9	5
preiio	10	on	4	7
preiio	10	off	7	7
preiio	11	on	5	7
preiio	11	off	5	6
preiio	12	on	7	8
preiio	12	off	6	7
preiio	13	on	6	8
preiio	13	off	9	6
preiio	14	on	8	8
preiio	14	off	7	6
preiio	15	on	6	8
preiio	15	off	8	6
preiio	16	on	8	7
preiio	16	off	8	5
preiio	17	on	6	7
preiio	17	off	8	6
preiio	18	on	7	7
preiio	18	off	8	5
preiio	19	on	8	7
preiio	19	off	7	5
preiio	20	on	7	7
preiio	20	off	7	6
