arm	seed	objective	budget	storeys	fails	hard	soft	roof_fail	score	elapsed_s	dom	fail_list
armA	0	07b2058+orth	500000	2	1	0	1	0	0.207308	6120.1	e4r-armA-s0.dom	0/lll crinkliness
armA	2	07b2058+orth	500000	2	0	0	0	0	0.42818	6467.2	e4r-armA-s2.dom	
armB	2	07b2058+orth	500000	2	2	0	2	0	0.0922996	6841.2	e4r-armB-s2.dom	0/lrr size | 0/rrrr width
armA	3	07b2058+orth	500000	2	1	1	0	1	0.165312	6924.8	e4r-armA-s3.dom	level 1 no outside space
armA	1	07b2058+orth	500000	2	0	0	0	0	0.360219	7199.8	e4r-armA-s1.dom	
armB	1	07b2058+orth	500000	2	1	0	1	0	0.208919	7204.4	e4r-armB-s1.dom	0/lrl width
armB	3	07b2058+orth	500000	2	2	0	2	0	0.110054	7439.2	e4r-armB-s3.dom	0/rllrl width | 0/rllrr size
armB	0	07b2058+orth	500000	2	1	0	1	0	0.146346	7563.8	e4r-armB-s0.dom	0/rr width
armB	6	07b2058+orth	500000	2	0	0	0	0	0.363954	6090.4	e4r-armB-s6.dom	
armB	4	07b2058+orth	500000	2	1	0	1	0	0.205143	6942.7	e4r-armB-s4.dom	0/rlrl size
armA	4	07b2058+orth	500000	3	1	0	1	0	0.111627	7320.4	e4r-armA-s4.dom	0/rrl width
armB	7	07b2058+orth	500000	2	1	1	0	0	0.217663	6272.4	e4r-armB-s7.dom	0/llr (t1) not adjacent to b1
armA	6	07b2058+orth	500000	2	1	0	1	0	0.245079	6828.1	e4r-armA-s6.dom	0/llrl width
armA	5	07b2058+orth	500000	2	2	1	1	1	0.0836227	7356.4	e4r-armA-s5.dom	0/lrr size | level 1 no outside space
armA	7	07b2058+orth	500000	2	2	0	2	0	0.0773617	7472.4	e4r-armA-s7.dom	0/rll proportion | 0/rll size
armB	5	07b2058+orth	500000	3	1	0	1	0	0.172269	9370.4	e4r-armB-s5.dom	0/lrl size
armA	8	07b2058+orth	500000	2	0	0	0	0	0.366781	6090.6	e4r-armA-s8.dom	
armA	9	07b2058+orth	500000	2	2	1	1	1	0.102814	6626.7	e4r-armA-s9.dom	0/rrl size | level 1 no outside space
armB	8	07b2058+orth	500000	2	1	0	1	0	0.185908	6724.9	e4r-armB-s8.dom	0/lrr width
armB	9	07b2058+orth	500000	2	1	0	1	0	0.219271	6519.4	e4r-armB-s9.dom	1/lrl width
armB	10	07b2058+orth	500000	2	1	0	1	0	0.157542	6404.1	e4r-armB-s10.dom	0/llrr size
armA	11	07b2058+orth	500000	2	0	0	0	0	0.465728	5781.4	e4r-armA-s11.dom	
armA	10	07b2058+orth	500000	2	1	0	1	0	0.1605	7353.9	e4r-armA-s10.dom	0/llr size
armB	11	07b2058+orth	500000	2	1	0	1	0	0.0161616	5164.2	e4r-armB-s11.dom	staircase volume
armB	13	07b2058+orth	500000	2	1	0	1	0	0.217102	6300.1	e4r-armB-s13.dom	0/llr size
armB	12	07b2058+orth	500000	2	3	1	2	1	0.0528787	6414.8	e4r-armB-s12.dom	0/rlr width | 0/rrr proportion | level 0 no outside space
armA	13	07b2058+orth	500000	2	0	0	0	0	0.408341	6569.0	e4r-armA-s13.dom	
armA	12	07b2058+orth	500000	2	3	1	2	1	0.0502957	6783.1	e4r-armA-s12.dom	0/lrrl size | 1/ll width | level 1 no outside space
armB	14	07b2058+orth	500000	2	0	0	0	0	0.344891	6917.0	e4r-armB-s14.dom	
armB	15	07b2058+orth	500000	2	1	0	1	0	0.207649	7221.2	e4r-armB-s15.dom	0/rll width
armA	15	07b2058+orth	500000	2	1	0	1	0	0.207658	7385.7	e4r-armA-s15.dom	0/rll width
armA	14	07b2058+orth	500000	3	0	0	0	0	0.379137	7449.4	e4r-armA-s14.dom	
armB	16	07b2058+orth	500000	3	2	1	1	0	0.00700951	6525.1	e4r-armB-s16.dom	staircase volume | too few stairs (0, min 1)
armA	16	07b2058+orth	500000	2	1	0	1	0	0.208595	7083.8	e4r-armA-s16.dom	1/lrl width
armB	17	07b2058+orth	500000	2	1	0	1	0	0.150501	6815.8	e4r-armB-s17.dom	1/lllr width
armB	18	07b2058+orth	500000	2	1	0	1	0	0.218849	6461.2	e4r-armB-s18.dom	0/ll size
armA	17	07b2058+orth	500000	2	1	0	1	0	0.194364	7268.2	e4r-armA-s17.dom	0/rl size
armA	19	07b2058+orth	500000	2	0	0	0	0	0.317019	6655.6	e4r-armA-s19.dom	
armB	19	07b2058+orth	500000	2	1	0	1	0	0.216939	6775.1	e4r-armB-s19.dom	0/ll size
armA	18	07b2058+orth	500000	2	1	0	1	0	0.193199	7719.1	e4r-armA-s18.dom	0/ll size
armB	20	07b2058+orth	500000	2	0	0	0	0	0.445942	6481.4	e4r-armB-s20.dom	
armA	20	07b2058+orth	500000	2	1	0	1	0	0.0158889	7149.7	e4r-armA-s20.dom	staircase volume
armA	21	07b2058+orth	500000	2	2	1	1	0	0.064524	6685.2	e4r-armA-s21.dom	0/rl size | 1/lrl (t1) not adjacent to b1
armA	22	07b2058+orth	500000	2	1	0	1	0	0.207637	6800.6	e4r-armA-s22.dom	0/rrl width
armB	21	07b2058+orth	500000	2	2	0	2	0	0.101883	6968.3	e4r-armB-s21.dom	0/lrr width | 0/rr size
armB	22	07b2058+orth	500000	2	0	0	0	0	0.36351	6974.3	e4r-armB-s22.dom	
armB	23	07b2058+orth	500000	2	1	1	0	0	0.21519	7113.3	e4r-armB-s23.dom	level 0 not connected
armA	23	07b2058+orth	500000	2	2	1	1	0	0.10667	7521.4	e4r-armA-s23.dom	0/rlr size | level 0 not connected
armA	24	07b2058+orth	500000	2	1	1	0	1	0.226345	6537.2	e4r-armA-s24.dom	level 0 no outside space
armA	26	07b2058+orth	500000	2	2	1	1	1	0.110856	6207.1	e4r-armA-s26.dom	0/rrr width | level 1 no outside space
armB	24	07b2058+orth	500000	2	1	0	1	0	0.147165	6802.9	e4r-armB-s24.dom	0/rrl size
armA	25	07b2058+orth	500000	2	1	0	1	0	0.14148	7259.9	e4r-armA-s25.dom	1/rrr width
armA	27	07b2058+orth	500000	2	1	1	0	1	0.193646	5830.1	e4r-armA-s27.dom	level 1 no outside space
