programme	arm	seed	objective	search_commit	budget	storeys	fails	hard	soft	score	elapsed_s	dom	fail_list
programme-house	shipped	0	64512f1+orth	7b611b4	500000	2	1	0	1	0.181334	9505.5	v2k-ab-programme-house-shipped-s0.dom	0/rlrl size
programme-house	shipped	1	64512f1+orth	7b611b4	500000	2	0	0	0	0.460975	8300.2	v2k-ab-programme-house-shipped-s1.dom	
programme-house	shipped	2	64512f1+orth	7b611b4	500000	2	0	0	0	0.58596	8428.4	v2k-ab-programme-house-shipped-s2.dom	
programme-house	shipped	3	64512f1+orth	7b611b4	500000	2	0	0	0	0.585874	8883.4	v2k-ab-programme-house-shipped-s3.dom	
programme-house	shipped	4	64512f1+orth	7b611b4	500000	2	1	0	1	0.244988	8501.7	v2k-ab-programme-house-shipped-s4.dom	0/rlr width
programme-house	shipped	5	64512f1+orth	7b611b4	500000	2	1	0	1	0.185857	9201.6	v2k-ab-programme-house-shipped-s5.dom	0/lrr size
programme-house	shipped	6	64512f1+orth	7b611b4	500000	2	0	0	0	0.407914	9118.7	v2k-ab-programme-house-shipped-s6.dom	
programme-house	shipped	7	64512f1+orth	7b611b4	500000	2	2	2	0	0.0809613	9399.8	v2k-ab-programme-house-shipped-s7.dom	level 0 not connected | level 1 no outside space
programme-house	shipped	8	64512f1+orth	7b611b4	500000	2	1	0	1	0.152179	9214.9	v2k-ab-programme-house-shipped-s8.dom	0/lrrr size
programme-house	shipped	9	64512f1+orth	7b611b4	500000	2	1	0	1	0.227781	8281.1	v2k-ab-programme-house-shipped-s9.dom	1/rrr width
programme-house	shipped	10	64512f1+orth	7b611b4	500000	2	1	0	1	0.207343	9030.0	v2k-ab-programme-house-shipped-s10.dom	0/rll width
programme-house	shipped	11	64512f1+orth	7b611b4	500000	2	1	0	1	0.169942	9609.9	v2k-ab-programme-house-shipped-s11.dom	0/rl size
programme-house	shipped	12	64512f1+orth	7b611b4	500000	2	1	0	1	0.180409	8299.1	v2k-ab-programme-house-shipped-s12.dom	0/llrl width
programme-house	shipped	13	64512f1+orth	7b611b4	500000	2	0	0	0	0.491582	10101.4	v2k-ab-programme-house-shipped-s13.dom	
programme-house	shipped	14	64512f1+orth	7b611b4	500000	2	1	0	1	0.247788	9182.3	v2k-ab-programme-house-shipped-s14.dom	0/rrrr width
programme-house	shipped	15	64512f1+orth	7b611b4	500000	2	1	0	1	0.208041	9605.8	v2k-ab-programme-house-shipped-s15.dom	0/rlr width
programme-house	shipped	16	64512f1+orth	7b611b4	500000	2	0	0	0	0.583112	9184.0	v2k-ab-programme-house-shipped-s16.dom	
programme-house	shipped	17	64512f1+orth	7b611b4	500000	2	0	0	0	0.394992	9484.5	v2k-ab-programme-house-shipped-s17.dom	
programme-house	shipped	18	64512f1+orth	7b611b4	500000	2	1	0	1	0.141681	9210.1	v2k-ab-programme-house-shipped-s18.dom	0/rll size
programme-house	shipped	19	64512f1+orth	7b611b4	500000	2	0	0	0	0.36118	8885.7	v2k-ab-programme-house-shipped-s19.dom	
programme-house	shipped	20	64512f1+orth	7b611b4	500000	2	0	0	0	0.487444	8383.8	v2k-ab-programme-house-shipped-s20.dom	
programme-house	shipped	21	64512f1+orth	7b611b4	500000	2	1	0	1	0.165753	9341.3	v2k-ab-programme-house-shipped-s21.dom	0/llr size
programme-house	shipped	22	64512f1+orth	7b611b4	500000	2	1	0	1	0.21848	9031.0	v2k-ab-programme-house-shipped-s22.dom	0/lll width
programme-house	shipped	23	64512f1+orth	7b611b4	500000	2	0	0	0	0.583118	9744.0	v2k-ab-programme-house-shipped-s23.dom	
programme-house	shipped	24	64512f1+orth	7b611b4	500000	2	2	0	2	0.0869424	10506.2	v2k-ab-programme-house-shipped-s24.dom	0/llr size | 0/rlr proportion
programme-house	shipped	25	64512f1+orth	7b611b4	500000	2	0	0	0	0.453051	9800.4	v2k-ab-programme-house-shipped-s25.dom	
programme-house	shipped	26	64512f1+orth	7b611b4	500000	2	0	0	0	0.400531	8544.1	v2k-ab-programme-house-shipped-s26.dom	
programme-house	shipped	27	64512f1+orth	7b611b4	500000	2	2	1	1	0.0868507	10532.5	v2k-ab-programme-house-shipped-s27.dom	1/rll width | level 0 not connected
programme-house	shipped	28	64512f1+orth	7b611b4	500000	2	1	0	1	0.168241	9741.7	v2k-ab-programme-house-shipped-s28.dom	0/lrr size
programme-house	shipped	29	64512f1+orth	7b611b4	500000	2	1	0	1	0.128662	9616.5	v2k-ab-programme-house-shipped-s29.dom	0/l size
programme-house	shipped	30	64512f1+orth	7b611b4	500000	2	1	0	1	0.170221	9173.1	v2k-ab-programme-house-shipped-s30.dom	0/lr size
programme-house	shipped	31	64512f1+orth	7b611b4	500000	2	0	0	0	0.56927	8883.1	v2k-ab-programme-house-shipped-s31.dom	
programme-house	shipped	32	64512f1+orth	7b611b4	500000	2	1	0	1	0.206998	9077.9	v2k-ab-programme-house-shipped-s32.dom	0/rrl width
programme-house	shipped	33	64512f1+orth	7b611b4	500000	2	0	0	0	0.413107	8193.1	v2k-ab-programme-house-shipped-s33.dom	
programme-house	shipped	34	64512f1+orth	7b611b4	500000	2	1	0	1	0.171656	9207.9	v2k-ab-programme-house-shipped-s34.dom	0/rl size
programme-house	shipped	35	64512f1+orth	7b611b4	500000	2	0	0	0	0.415111	8762.3	v2k-ab-programme-house-shipped-s35.dom	
programme-house	migrate	2	64512f1+orth	7b611b4	500000	2	1	0	1	0.239424	8270.2	v2k-ab-programme-house-migrate-s2.dom	1/rrr width
programme-house	migrate	4	64512f1+orth	7b611b4	500000	2	1	0	1	0.206673	8738.6	v2k-ab-programme-house-migrate-s4.dom	0/rrr proportion
programme-house	migrate	6	64512f1+orth	7b611b4	500000	2	1	0	1	0.0166359	9002.7	v2k-ab-programme-house-migrate-s6.dom	staircase volume
programme-house	migrate	0	64512f1+orth	7b611b4	500000	2	1	0	1	0.169025	9167.0	v2k-ab-programme-house-migrate-s0.dom	0/llr size
programme-house	migrate	7	64512f1+orth	7b611b4	500000	2	0	0	0	0.321346	9272.9	v2k-ab-programme-house-migrate-s7.dom	
programme-house	migrate	1	64512f1+orth	7b611b4	500000	2	0	0	0	0.583118	9597.2	v2k-ab-programme-house-migrate-s1.dom	
programme-house	migrate	5	64512f1+orth	7b611b4	500000	2	2	1	1	0.0972028	9881.2	v2k-ab-programme-house-migrate-s5.dom	0/rrl size | level 1 not connected
programme-house	migrate	3	64512f1+orth	7b611b4	500000	2	2	0	2	0.0937688	9895.3	v2k-ab-programme-house-migrate-s3.dom	0/llr crinkliness | 0/lr size
